1,1,10.5142232962,-85.3693762701,90.98,2014-01-24T12:19:36Z,1
2,1,10.5142625235,-85.3693982307,90.5,2014-01-24T12:20:36Z,2
3,1,10.5142929498,-85.369405942,90.02,2014-01-24T12:21:36Z,3
4,1,10.5143389665,-85.369415665,90.5,2014-01-24T12:22:36Z,4
5,1,10.5143920239,-85.3694376256,90.02,2014-01-24T12:23:36Z,5
6,1,10.5144957919,-85.3694251366,90.02,2014-01-24T12:24:36Z,1
7,1,10.5144659523,-85.3694793675,90.02,2014-01-24T12:25:36Z,2
8,1,10.5144948699,-85.3695620969,90.02,2014-01-24T12:26:36Z,3
9,1,10.5145781022,-85.3695426509,89.54,2014-01-24T12:27:36Z,4
10,1,10.5146563053,-85.3695686348,90.02,2014-01-24T12:28:36Z,5
11,1,10.514819501,-85.3694521263,90.02,2014-01-24T12:29:36Z,1
12,1,10.5147459917,-85.3694802895,90.5,2014-01-24T12:30:36Z,2
13,1,10.5148870591,-85.3696837183,90.98,2014-01-24T12:31:36Z,3
14,1,10.5149536114,-85.3697110433,90.5,2014-01-24T12:32:36Z,4
15,1,10.5149883963,-85.3697295673,89.54,2014-01-24T12:33:36Z,5
16,1,10.5149628315,-85.3697231971,89.06,2014-01-24T12:34:36Z,1
17,1,10.515045058,-85.3697498515,88.58,2014-01-24T12:35:36Z,2
18,1,10.5150876381,-85.3697599936,86.18,2014-01-24T12:36:36Z,3
19,1,10.5150669347,-85.3699081857,84.73,2014-01-24T12:37:36Z,4
20,1,10.515150167,-85.3700648434,85.21,2014-01-24T12:38:36Z,5
21,1,10.5152815953,-85.3701464832,83.77,2014-01-24T12:39:36Z,1
22,1,10.5153362453,-85.3701976128,84.25,2014-01-24T12:40:36Z,2
23,1,10.515297018,-85.3701849561,84.25,2014-01-24T12:41:36Z,3
24,1,10.515277572,-85.3701994568,83.77,2014-01-24T12:42:36Z,4
25,1,10.5152577907,-85.3703311365,82.81,2014-01-24T12:43:36Z,5
26,1,10.5153669231,-85.3702485748,82.81,2014-01-24T12:44:36Z,1
27,1,10.5153531767,-85.3703516722,83.29,2014-01-24T12:45:36Z,2
28,1,10.5153228343,-85.3703539353,87.14,2014-01-24T12:46:36Z,3
29,1,10.5154528376,-85.3703742195,88.58,2014-01-24T12:47:36Z,4
30,1,10.5154042225,-85.3703562822,89.06,2014-01-24T12:48:36Z,5
31,1,10.5154238362,-85.3703982756,88.58,2014-01-24T12:49:36Z,1
32,1,10.5154431146,-85.3703885525,88.1,2014-01-24T12:50:36Z,2
33,1,10.5154612195,-85.3703861218,87.14,2014-01-24T12:51:36Z,3
34,1,10.5154157057,-85.3703221679,87.14,2014-01-24T12:52:36Z,4
35,1,10.5154390074,-85.3703064099,87.14,2014-01-24T12:53:36Z,5
36,1,10.5154310446,-85.3703097627,87.14,2014-01-24T12:54:36Z,1
37,1,10.5153846089,-85.3703111038,87.14,2014-01-24T12:55:36Z,2
38,1,10.5154230818,-85.3703194857,86.66,2014-01-24T12:56:36Z,3
39,1,10.5153986067,-85.3702926636,86.18,2014-01-24T12:57:36Z,4
40,1,10.5154483113,-85.3703328967,85.69,2014-01-24T12:58:36Z,5
41,1,10.5153941642,-85.3702661768,86.18,2014-01-24T12:59:36Z,1
42,1,10.5154332239,-85.3703395184,86.18,2014-01-24T13:00:36Z,2
43,1,10.5154136941,-85.3703079186,86.18,2014-01-24T13:01:36Z,3
44,1,10.5154120177,-85.3702913225,86.18,2014-01-24T13:02:36Z,4
45,1,10.5153890513,-85.3703544382,84.73,2014-01-24T13:03:36Z,5
46,1,10.5154134426,-85.370354522,84.73,2014-01-24T13:04:36Z,1
47,1,10.5154187232,-85.370334154,85.69,2014-01-24T13:05:36Z,2
48,1,10.5153978523,-85.3702007979,85.69,2014-01-24T13:06:36Z,3
49,1,10.5154161248,-85.3702056594,85.69,2014-01-24T13:07:36Z,4
50,1,10.5153786577,-85.3702477366,85.69,2014-01-24T13:08:36Z,5
51,1,10.5153906439,-85.370216053,84.73,2014-01-24T13:09:36Z,1
52,1,10.5153278634,-85.370267434,85.21,2014-01-24T13:10:36Z,2
53,1,10.515289139,-85.3701662645,81.37,2014-01-24T13:11:36Z,3
54,1,10.5151513405,-85.3702966031,89.06,2014-01-24T13:12:36Z,4
55,1,10.5151567049,-85.3703038953,89.54,2014-01-24T13:13:36Z,5
56,1,10.5151027255,-85.3702753969,90.02,2014-01-24T13:14:36Z,1
57,1,10.515110353,-85.3702536877,90.98,2014-01-24T13:15:36Z,2
58,1,10.5149930902,-85.3702393547,91.94,2014-01-24T13:16:36Z,3
59,1,10.5148890708,-85.3703102656,91.46,2014-01-24T13:17:36Z,4
60,1,10.5148697086,-85.3702588007,91.46,2014-01-24T13:18:36Z,5
61,1,10.5148754083,-85.3702782467,91.94,2014-01-24T13:19:36Z,1
62,1,10.5148657691,-85.3702823538,91.94,2014-01-24T13:20:36Z,2
63,1,10.5149707943,-85.3702590521,92.42,2014-01-24T13:21:36Z,3
64,1,10.5149194133,-85.370251257,92.42,2014-01-24T13:22:36Z,4
65,1,10.5147604086,-85.3701006342,92.9,2014-01-24T13:23:36Z,5
66,1,10.5147875659,-85.3700907435,93.39,2014-01-24T13:24:36Z,1
67,1,10.5146881565,-85.3701816034,94.35,2014-01-24T13:25:36Z,2
68,1,10.5145729054,-85.3702268656,95.31,2014-01-24T13:26:36Z,3
69,1,10.514486488,-85.3702517599,95.79,2014-01-24T13:27:36Z,4
70,1,10.5144388787,-85.3702655062,95.79,2014-01-24T13:28:36Z,5
71,1,10.5143786967,-85.3702499997,95.79,2014-01-24T13:29:36Z,1
72,1,10.5142997392,-85.3703229222,96.75,2014-01-24T13:30:36Z,2
73,1,10.5143470131,-85.3703291249,96.75,2014-01-24T13:31:36Z,3
74,1,10.5143321771,-85.3705065697,97.23,2014-01-24T13:32:36Z,4
75,1,10.5141647905,-85.3704361618,97.23,2014-01-24T13:33:36Z,5
76,1,10.5141064525,-85.370455943,97.71,2014-01-24T13:34:36Z,1
77,1,10.5140590109,-85.3706249222,97.71,2014-01-24T13:35:36Z,2
78,1,10.5140602682,-85.3705941606,98.19,2014-01-24T13:36:36Z,3
79,1,10.5139047001,-85.3707169555,99.15,2014-01-24T13:37:36Z,4
80,1,10.5139259901,-85.3706947435,99.63,2014-01-24T13:38:36Z,5
81,1,10.5139071308,-85.3706511576,99.63,2014-01-24T13:39:36Z,1
82,1,10.5138216354,-85.3706405126,100.11,2014-01-24T13:40:36Z,2
83,1,10.5138088111,-85.3706707712,100.11,2014-01-24T13:41:36Z,3
84,1,10.5137548316,-85.3706908878,100.6,2014-01-24T13:42:36Z,4
85,1,10.513778301,-85.3706536721,100.11,2014-01-24T13:43:36Z,5
86,1,10.5136214755,-85.3707446158,100.6,2014-01-24T13:44:36Z,1
87,1,10.5134782288,-85.3708650637,101.56,2014-01-24T13:45:36Z,2
88,1,10.5134355649,-85.370882079,102.52,2014-01-24T13:46:36Z,3
89,1,10.5133869499,-85.3708726075,103,2014-01-24T13:47:36Z,4
90,1,10.5133392569,-85.3708536644,103.48,2014-01-24T13:48:36Z,5
91,1,10.5132000335,-85.3709037881,103,2014-01-24T13:49:36Z,1
92,1,10.5132012069,-85.3709726874,103.96,2014-01-24T13:50:36Z,2
93,1,10.5131642427,-85.3710053768,104.44,2014-01-24T13:51:36Z,3
94,1,10.5130651686,-85.371021973,104.92,2014-01-24T13:52:36Z,4
95,1,10.5130741373,-85.3710822389,105.4,2014-01-24T13:53:36Z,5
96,1,10.5129376799,-85.3711026907,105.88,2014-01-24T13:54:36Z,1
97,1,10.512898704,-85.3710999247,106.36,2014-01-24T13:55:36Z,2
98,1,10.5128217582,-85.3711074684,106.36,2014-01-24T13:56:36Z,3
99,1,10.5128758214,-85.3711951431,106.36,2014-01-24T13:57:36Z,4
100,1,10.5128846224,-85.3711939696,105.88,2014-01-24T13:58:36Z,5
101,1,10.512936255,-85.3712094761,105.88,2014-01-24T13:59:36Z,1
102,1,10.5128386896,-85.3711842466,105.88,2014-01-24T14:00:36Z,2
103,1,10.5127294734,-85.3712842427,108.29,2014-01-24T14:01:36Z,3
104,1,10.5126839597,-85.3713405691,108.29,2014-01-24T14:02:36Z,4
105,1,10.5126541201,-85.3714543954,108.77,2014-01-24T14:03:36Z,5
106,1,10.5126614962,-85.3714744281,108.77,2014-01-24T14:04:36Z,1
107,1,10.5125687923,-85.3714617714,110.21,2014-01-24T14:05:36Z,2
108,1,10.5125313252,-85.3714716621,109.73,2014-01-24T14:06:36Z,3
109,1,10.5125507712,-85.3714921977,110.21,2014-01-24T14:07:36Z,4
110,1,10.5125106219,-85.3714364581,110.21,2014-01-24T14:08:36Z,5
111,1,10.512455469,-85.3714807983,110.21,2014-01-24T14:09:36Z,1
112,1,10.5123698898,-85.3714570776,110.69,2014-01-24T14:10:36Z,2
113,1,10.5123007391,-85.3714921977,110.69,2014-01-24T14:11:36Z,3
114,1,10.5122983921,-85.3715067822,111.17,2014-01-24T14:12:36Z,4
115,1,10.51230032,-85.3715569898,111.17,2014-01-24T14:13:36Z,5
116,1,10.5122139025,-85.3715608455,112.13,2014-01-24T14:14:36Z,1
117,1,10.5121962167,-85.3715729155,113.09,2014-01-24T14:15:36Z,2
118,1,10.5121801235,-85.3715376277,112.61,2014-01-24T14:16:36Z,3
119,1,10.5122009106,-85.371585656,114.05,2014-01-24T14:17:36Z,4
120,1,10.5122200213,-85.3715341073,115.01,2014-01-24T14:18:36Z,5
121,1,10.5121593364,-85.3715491109,116.46,2014-01-24T14:19:36Z,1
122,1,10.5121794529,-85.3715275694,116.94,2014-01-24T14:20:36Z,2
123,1,10.5121939536,-85.3715593368,117.42,2014-01-24T14:21:36Z,3
124,1,10.5121930316,-85.3715227079,118.38,2014-01-24T14:22:36Z,4
125,1,10.5121538043,-85.371512901,117.9,2014-01-24T14:23:36Z,5
126,1,10.5122001562,-85.3714734223,118.38,2014-01-24T14:24:36Z,1
127,1,10.51217434,-85.3714171797,117.9,2014-01-24T14:25:36Z,2
128,1,10.5121715739,-85.3714224603,118.86,2014-01-24T14:26:36Z,3
129,1,10.5121204443,-85.371517092,117.9,2014-01-24T14:27:36Z,4
130,1,10.5121489428,-85.3716154117,118.38,2014-01-24T14:28:36Z,5
131,1,10.5119718332,-85.371714402,119.34,2014-01-24T14:29:36Z,1
132,1,10.51196035,-85.3717396315,119.82,2014-01-24T14:30:36Z,2
133,1,10.5119586736,-85.3717785235,120.3,2014-01-24T14:31:36Z,3
134,1,10.5117932986,-85.3719465807,121.26,2014-01-24T14:32:36Z,4
135,1,10.5116782989,-85.3719099518,122.71,2014-01-24T14:33:36Z,5
136,1,10.5115894508,-85.3719154,123.19,2014-01-24T14:34:36Z,1
137,1,10.5116174463,-85.3718741611,123.19,2014-01-24T14:35:36Z,2
138,1,10.5115287658,-85.3718298208,123.67,2014-01-24T14:36:36Z,3
139,1,10.5114391632,-85.3717842232,123.19,2014-01-24T14:37:36Z,4
140,1,10.5113769695,-85.3717031702,124.63,2014-01-24T14:38:36Z,5
141,1,10.5113680009,-85.3715429083,123.67,2014-01-24T14:39:36Z,1
142,1,10.5114906281,-85.3714761045,123.19,2014-01-24T14:40:36Z,2
143,1,10.5114669073,-85.3714797087,122.71,2014-01-24T14:41:36Z,3
144,1,10.5114118382,-85.3714739252,121.74,2014-01-24T14:42:36Z,4
145,1,10.5113799032,-85.3715300839,122.22,2014-01-24T14:43:36Z,5
146,1,10.5113460403,-85.3715477698,122.22,2014-01-24T14:44:36Z,1
147,1,10.5113524944,-85.3714830615,121.26,2014-01-24T14:45:36Z,2
148,1,10.5113100819,-85.3713912796,122.71,2014-01-24T14:46:36Z,3
149,1,10.5111874547,-85.3714793734,122.71,2014-01-24T14:47:36Z,4
150,1,10.5112027097,-85.3714945447,122.71,2014-01-24T14:48:36Z,5
151,1,10.511199357,-85.3714851569,123.67,2014-01-24T14:49:36Z,1
152,1,10.5110903084,-85.371503178,122.22,2014-01-24T14:50:36Z,2
153,1,10.5111153703,-85.3714864142,122.71,2014-01-24T14:51:36Z,3
154,1,10.5110649113,-85.3714392241,123.19,2014-01-24T14:52:36Z,4
155,1,10.5110501591,-85.3714668844,123.19,2014-01-24T14:53:36Z,5
156,1,10.5110747181,-85.3714516293,122.71,2014-01-24T14:54:36Z,1
157,1,10.51106181,-85.3713528067,123.67,2014-01-24T14:55:36Z,2
158,1,10.5109730456,-85.3713449277,123.19,2014-01-24T14:56:36Z,3
159,1,10.5109757278,-85.3713259008,124.15,2014-01-24T14:57:36Z,4
160,1,10.5109276157,-85.3713342827,122.71,2014-01-24T14:58:36Z,5
161,1,10.5108861253,-85.3713523876,123.19,2014-01-24T14:59:36Z,1
162,1,10.5108282063,-85.3713766113,123.19,2014-01-24T15:00:36Z,2
163,1,10.5107672699,-85.3713227995,123.67,2014-01-24T15:01:36Z,3
164,1,10.5108453892,-85.3712398186,122.71,2014-01-24T15:02:36Z,4
165,1,10.5107527692,-85.37120956,123.67,2014-01-24T15:03:36Z,5
166,1,10.5107165594,-85.3712270781,123.19,2014-01-24T15:04:36Z,1
167,1,10.510713039,-85.3712250665,122.71,2014-01-24T15:05:36Z,2
168,1,10.5106661003,-85.3712378908,122.71,2014-01-24T15:06:36Z,3
169,1,10.510710692,-85.3711161856,123.67,2014-01-24T15:07:36Z,4
170,1,10.5106721353,-85.371090956,121.74,2014-01-24T15:08:36Z,5
171,1,10.5105690379,-85.3710592724,120.3,2014-01-24T15:09:36Z,1
172,1,10.5104397889,-85.3709935583,119.82,2014-01-24T15:10:36Z,2
173,1,10.5104888231,-85.3709767107,119.82,2014-01-24T15:11:36Z,3
174,1,10.5104644317,-85.3710028622,119.82,2014-01-24T15:12:36Z,4
175,1,10.5104224384,-85.3709501401,119.82,2014-01-24T15:13:36Z,5
176,1,10.5104124639,-85.3709099907,119.82,2014-01-24T15:14:36Z,1
177,1,10.51044113,-85.3708581068,119.34,2014-01-24T15:15:36Z,2
178,1,10.5104239471,-85.3707944881,118.38,2014-01-24T15:16:36Z,3
179,1,10.5104136374,-85.3708235733,118.86,2014-01-24T15:17:36Z,4
180,1,10.5103243701,-85.3708570171,118.38,2014-01-24T15:18:36Z,5
181,1,10.5103435647,-85.3708141856,117.9,2014-01-24T15:19:36Z,1
182,1,10.51036519,-85.370768588,117.9,2014-01-24T15:20:36Z,2
183,1,10.5103824567,-85.3707750421,117.9,2014-01-24T15:21:36Z,3
184,1,10.5103515275,-85.370758865,117.42,2014-01-24T15:22:36Z,4
185,1,10.5103155691,-85.3707863577,117.42,2014-01-24T15:23:36Z,5
186,1,10.5104096979,-85.3707110882,117.42,2014-01-24T15:24:36Z,1
187,1,10.5102713965,-85.3705535922,107.81,2014-01-24T15:25:36Z,2
188,1,10.5103088636,-85.3704329766,101.56,2014-01-24T15:26:36Z,3
189,1,10.5103537906,-85.3702645004,96.27,2014-01-24T15:27:36Z,4
190,1,10.5102825444,-85.3701827768,91.46,2014-01-24T15:28:36Z,5
191,1,10.5102932733,-85.3702124488,90.02,2014-01-24T15:29:36Z,1
192,1,10.510276258,-85.3702282067,88.58,2014-01-24T15:30:36Z,2
193,1,10.5103718955,-85.3701063339,90.02,2014-01-24T15:31:36Z,3
194,1,10.5103495996,-85.3700229339,85.69,2014-01-24T15:32:36Z,4
195,1,10.5103388708,-85.3700028174,85.21,2014-01-24T15:33:36Z,5
196,1,10.5102663673,-85.3699607402,80.89,2014-01-24T15:34:36Z,1
197,1,10.5101444945,-85.369964093,78,2014-01-24T15:35:36Z,2
198,1,10.5101708975,-85.3699423838,77.52,2014-01-24T15:36:36Z,3
199,1,10.510218339,-85.3699027374,77.04,2014-01-24T15:37:36Z,4
200,1,10.5101830512,-85.3697194252,75.12,2014-01-24T15:38:36Z,5
201,1,10.5101805367,-85.3696263861,74.64,2014-01-24T15:39:36Z,1
202,1,10.5102073587,-85.3696958721,74.16,2014-01-24T15:40:36Z,2
203,1,10.510105351,-85.3696608357,72.24,2014-01-24T15:41:36Z,3
204,1,10.5101683829,-85.3694512043,73.2,2014-01-24T15:42:36Z,4
205,1,10.5101480149,-85.3694678843,73.2,2014-01-24T15:43:36Z,5
206,1,10.5101869907,-85.3695013281,71.76,2014-01-24T15:44:36Z,1
207,1,10.51013452,-85.3694458399,72.72,2014-01-24T15:45:36Z,2
208,1,10.510064112,-85.3694137372,70.79,2014-01-24T15:46:36Z,3
209,1,10.5100090429,-85.3693602607,71.27,2014-01-24T15:47:36Z,4
210,1,10.5100392178,-85.3693557344,71.27,2014-01-24T15:48:36Z,5
211,1,10.5099827237,-85.3693898488,70.79,2014-01-24T15:49:36Z,1
212,1,10.5100892577,-85.3693984821,69.35,2014-01-24T15:50:36Z,2
213,1,10.5100098811,-85.3693895135,68.87,2014-01-24T15:51:36Z,3
214,1,10.5100051872,-85.3693471849,71.27,2014-01-24T15:52:36Z,4
215,1,10.5099142436,-85.3693018388,70.31,2014-01-24T15:53:36Z,5
216,1,10.5099088792,-85.3693779465,68.87,2014-01-24T15:54:36Z,1
217,1,10.5099049397,-85.3693207819,67.43,2014-01-24T15:55:36Z,2
218,1,10.5097427499,-85.3692553192,66.47,2014-01-24T15:56:36Z,3
219,1,10.5097409058,-85.369323967,65.51,2014-01-24T15:57:36Z,4
220,1,10.5097311828,-85.3693613503,65.03,2014-01-24T15:58:36Z,5
221,1,10.5097324401,-85.3693363722,64.07,2014-01-24T15:59:36Z,1
222,1,10.5096855853,-85.3693104722,65.51,2014-01-24T16:00:36Z,2
223,1,10.5096896924,-85.3693444189,65.99,2014-01-24T16:01:36Z,3
224,1,10.5097201187,-85.3693349473,65.51,2014-01-24T16:02:36Z,4
225,1,10.5097170174,-85.3693172615,65.03,2014-01-24T16:03:36Z,5
226,1,10.5097392295,-85.3693447541,65.03,2014-01-24T16:04:36Z,1
227,1,10.5097027682,-85.3693278227,65.03,2014-01-24T16:05:36Z,2
228,1,10.5096709169,-85.3692860808,66.47,2014-01-24T16:06:36Z,3
229,1,10.5096409097,-85.3692707419,65.51,2014-01-24T16:07:36Z,4
230,1,10.5096963141,-85.3692532238,65.99,2014-01-24T16:08:36Z,5
231,1,10.5096972361,-85.3692901041,65.51,2014-01-24T16:09:36Z,1
232,1,10.5097135808,-85.3692403156,65.51,2014-01-24T16:10:36Z,2
233,1,10.5096816458,-85.3693194408,66.47,2014-01-24T16:11:36Z,3
234,1,10.5097280815,-85.3693180159,65.03,2014-01-24T16:12:36Z,4
235,1,10.5096785445,-85.3693028446,65.51,2014-01-24T16:13:36Z,5
236,1,10.5096553266,-85.3693072032,65.03,2014-01-24T16:14:36Z,1
237,1,10.5097134132,-85.3692961391,65.03,2014-01-24T16:15:36Z,2
238,1,10.5096322764,-85.3692427464,65.03,2014-01-24T16:16:36Z,3
239,1,10.5095947254,-85.3692193609,65.99,2014-01-24T16:17:36Z,4
240,1,10.5096160993,-85.3692385554,65.03,2014-01-24T16:18:36Z,5
241,1,10.509641245,-85.369283231,64.55,2014-01-24T16:19:36Z,1
242,1,10.5096508842,-85.3692768607,64.55,2014-01-24T16:20:36Z,2
243,1,10.5096563324,-85.3692141641,65.03,2014-01-24T16:21:36Z,3
244,1,10.5096316896,-85.3692220431,65.51,2014-01-24T16:22:36Z,4
245,1,10.5096202902,-85.36913638,64.55,2014-01-24T16:23:36Z,5
246,1,10.5097161792,-85.3690960631,65.51,2014-01-24T16:24:36Z,1
247,1,10.5096921232,-85.3691834025,65.99,2014-01-24T16:25:36Z,2
248,1,10.5096554942,-85.3691964783,65.03,2014-01-24T16:26:36Z,3
249,1,10.5095150135,-85.3691844083,65.99,2014-01-24T16:27:36Z,4
250,1,10.509462459,-85.369154904,64.55,2014-01-24T16:28:36Z,5
251,1,10.5094982497,-85.369107211,65.03,2014-01-24T16:29:36Z,1
252,1,10.5094945617,-85.369122047,65.03,2014-01-24T16:30:36Z,2
253,1,10.5094400793,-85.3691398166,64.55,2014-01-24T16:31:36Z,3
254,1,10.5094483774,-85.3691335302,64.07,2014-01-24T16:31:46Z,4
255,1,10.5094145983,-85.3686201386,57.34,2014-01-24T16:36:36Z,5
256,1,10.5094751157,-85.3686273471,56.86,2014-01-24T16:37:36Z,1
257,1,10.5095587671,-85.3684841841,56.37,2014-01-24T16:38:36Z,2
258,1,10.5095572583,-85.3684644029,56.86,2014-01-24T16:39:36Z,3
259,1,10.5095487926,-85.3684303723,54.45,2014-01-24T16:40:36Z,4
260,1,10.5095223058,-85.3684341442,54.45,2014-01-24T16:41:36Z,5
261,1,10.5095122475,-85.368420817,54.93,2014-01-24T16:42:36Z,1
262,1,10.5095311068,-85.368447639,55.41,2014-01-24T16:43:36Z,2
263,1,10.509472182,-85.3684680071,54.93,2014-01-24T16:44:36Z,3
264,1,10.5094852578,-85.3684834298,55.41,2014-01-24T16:45:36Z,4
265,1,10.5094480421,-85.368560208,54.45,2014-01-24T16:46:36Z,5
266,1,10.5094752833,-85.3685472161,55.89,2014-01-24T16:47:36Z,1
267,1,10.5094627943,-85.3684453759,55.89,2014-01-24T16:48:36Z,2
268,1,10.5094700027,-85.3684658278,55.89,2014-01-24T16:49:36Z,3
269,1,10.5094546638,-85.368444873,56.37,2014-01-24T16:50:36Z,4
270,1,10.5094227288,-85.3684827592,56.37,2014-01-24T16:51:36Z,5
271,1,10.5094083119,-85.3683555219,57.34,2014-01-24T16:52:36Z,1
272,1,10.5093988404,-85.3684095852,56.37,2014-01-24T16:53:36Z,2
273,1,10.5092932284,-85.3682756424,55.89,2014-01-24T16:54:36Z,3
274,1,10.5092287716,-85.368288802,55.41,2014-01-24T16:55:36Z,4
275,1,10.5092399195,-85.3682586271,55.89,2014-01-24T16:56:36Z,5
276,1,10.509401774,-85.3682812583,55.89,2014-01-24T16:57:36Z,1
277,1,10.509343436,-85.3681976907,56.37,2014-01-24T16:58:36Z,2
278,1,10.5094029475,-85.3682874609,57.82,2014-01-24T16:59:36Z,3
279,1,10.5093669053,-85.3682706971,57.82,2014-01-24T17:00:36Z,4
280,1,10.5094157718,-85.3682763968,59.26,2014-01-24T17:01:36Z,5
281,1,10.5093779694,-85.3682250995,59.26,2014-01-24T17:02:36Z,1
282,1,10.5094914604,-85.3682987764,58.3,2014-01-24T17:03:36Z,2
283,1,10.509428177,-85.3682353254,58.3,2014-01-24T17:04:36Z,3
284,1,10.5094302725,-85.3683402669,58.3,2014-01-24T17:05:36Z,4
285,1,10.5093026999,-85.368303638,58.78,2014-01-24T17:06:36Z,5
286,1,10.5092326272,-85.3682788275,59.26,2014-01-24T17:07:36Z,1
287,1,10.5092519056,-85.3682447132,59.74,2014-01-24T17:08:36Z,2
288,1,10.5092538334,-85.3681639954,59.26,2014-01-24T17:09:36Z,3
289,1,10.509191053,-85.3680075891,58.78,2014-01-24T17:10:36Z,4
290,1,10.509225335,-85.3680713754,59.26,2014-01-24T17:11:36Z,5
291,1,10.5091918074,-85.3680898994,60.22,2014-01-24T17:12:36Z,1
292,1,10.5091763847,-85.3679748997,59.26,2014-01-24T17:13:36Z,2
293,1,10.5091911368,-85.3678577207,58.78,2014-01-24T17:14:36Z,3
294,1,10.5091906339,-85.3677925933,59.26,2014-01-24T17:15:36Z,4
295,1,10.5091663264,-85.3677659389,59.74,2014-01-24T17:16:36Z,5
296,1,10.5090827588,-85.3677318245,59.26,2014-01-24T17:17:36Z,1
297,1,10.508938171,-85.367587572,57.82,2014-01-24T17:18:36Z,2
298,1,10.5089289509,-85.367404595,56.86,2014-01-24T17:19:35Z,3
299,1,10.5089624785,-85.3673864901,56.37,2014-01-24T17:20:35Z,4
300,1,10.5089611374,-85.3674220294,57.34,2014-01-24T17:21:35Z,5
301,1,10.5089663342,-85.3673937824,56.37,2014-01-24T17:22:35Z,1
302,1,10.5090394244,-85.3674552217,56.86,2014-01-24T17:23:35Z,2
303,1,10.5090082437,-85.3673372045,57.34,2014-01-24T17:24:35Z,3
304,1,10.5089127738,-85.3673872445,56.86,2014-01-24T17:25:35Z,4
305,1,10.5089732911,-85.3674557246,58.3,2014-01-24T17:26:35Z,5
306,1,10.5089726206,-85.3673926089,57.34,2014-01-24T17:27:35Z,1
307,1,10.5089931563,-85.3673900105,57.34,2014-01-24T17:28:34Z,2
308,1,10.5089779012,-85.3674223647,57.34,2014-01-24T17:29:35Z,3
309,1,10.5090412684,-85.3674656153,59.74,2014-01-24T17:30:35Z,4
310,1,10.5090507399,-85.3674304113,57.34,2014-01-24T17:31:35Z,5
311,1,10.5090790708,-85.3672128171,57.82,2014-01-24T17:32:35Z,1
312,1,10.5088199023,-85.3670931235,61.66,2014-01-24T17:33:35Z,2
313,1,10.5086353328,-85.3671004158,62.62,2014-01-24T17:34:35Z,3
314,1,10.508638937,-85.3670192789,61.66,2014-01-24T17:35:35Z,4
315,1,10.5086492468,-85.36694468,61.66,2014-01-24T17:36:35Z,5
316,1,10.5086905695,-85.3668264113,60.7,2014-01-24T17:37:35Z,1
317,1,10.5086303037,-85.3667920455,60.22,2014-01-24T17:38:35Z,2
318,1,10.5086553656,-85.3665951546,60.7,2014-01-24T17:39:35Z,3
319,1,10.508661652,-85.3662912268,61.18,2014-01-24T17:40:35Z,4
320,1,10.5084894039,-85.3661079146,62.14,2014-01-24T17:41:35Z,5
321,1,10.5084061716,-85.3661556076,61.66,2014-01-24T17:42:35Z,1
322,1,10.5084430519,-85.3661999479,61.18,2014-01-24T17:43:35Z,2
323,1,10.5084508471,-85.3661682643,60.22,2014-01-24T17:44:35Z,3
324,1,10.5084329937,-85.366194332,59.26,2014-01-24T17:45:35Z,4
325,1,10.5085010547,-85.3662034683,58.3,2014-01-24T17:46:35Z,5
326,1,10.5084825307,-85.3662511613,59.26,2014-01-24T17:47:35Z,1
327,1,10.508461576,-85.3662244231,58.3,2014-01-24T17:48:35Z,2
328,1,10.5085066706,-85.3661550209,57.82,2014-01-24T17:49:35Z,3
329,1,10.5084686168,-85.3662576154,57.34,2014-01-24T17:50:35Z,4
330,1,10.5084666889,-85.3662123531,57.82,2014-01-24T17:51:35Z,5
331,1,10.5084361788,-85.3662307095,57.34,2014-01-24T17:52:35Z,1
332,1,10.5084410403,-85.3662084974,56.86,2014-01-24T17:53:35Z,2
333,1,10.5084119551,-85.3662097547,58.3,2014-01-24T17:54:35Z,3
334,1,10.5084691197,-85.3662812524,57.82,2014-01-24T17:55:35Z,4
335,1,10.5084644258,-85.3662608843,57.34,2014-01-24T17:56:35Z,5
336,1,10.5084394477,-85.3662080783,57.82,2014-01-24T17:57:35Z,1
337,1,10.5083998851,-85.3661903087,56.37,2014-01-24T17:58:35Z,2
338,1,10.5083759967,-85.3662160411,55.41,2014-01-24T17:59:35Z,3
339,1,10.5083821155,-85.3662308771,55.89,2014-01-24T18:00:35Z,4
340,1,10.5083705485,-85.3662474733,55.41,2014-01-24T18:01:35Z,5
341,1,10.5083796009,-85.366221657,53.49,2014-01-24T18:02:35Z,1
342,1,10.5084560439,-85.3661703598,55.41,2014-01-24T18:03:35Z,2
343,1,10.5084052496,-85.3662370797,53.49,2014-01-24T18:04:35Z,3
344,1,10.5084246118,-85.3664415982,53.49,2014-01-24T18:05:35Z,4
345,1,10.5084630847,-85.3664783109,52.53,2014-01-24T18:06:35Z,5
346,1,10.508481944,-85.3664566018,52.53,2014-01-24T18:07:35Z,1
347,1,10.5084205046,-85.3663903009,52.53,2014-01-24T18:08:35Z,2
348,1,10.508440705,-85.3664451186,52.53,2014-01-24T18:09:35Z,3
349,1,10.5085009709,-85.3664513212,52.05,2014-01-24T18:10:35Z,4
350,1,10.5084305629,-85.3664909676,50.61,2014-01-24T18:11:35Z,5
351,1,10.5084490869,-85.366467163,50.61,2014-01-24T18:12:35Z,1
352,1,10.5084338319,-85.3664542548,51.09,2014-01-24T18:13:35Z,2
353,1,10.5084507633,-85.3664781433,50.61,2014-01-24T18:14:35Z,3
354,1,10.5084530264,-85.3664548416,48.2,2014-01-24T18:15:35Z,4
355,1,10.5084357597,-85.3664800711,49.65,2014-01-24T18:16:35Z,5
356,1,10.5084374361,-85.3664661571,50.13,2014-01-24T18:17:35Z,1
357,1,10.508452272,-85.3664837591,49.16,2014-01-24T18:18:35Z,2
358,1,10.5084798485,-85.3664994333,49.65,2014-01-24T18:19:35Z,3
359,1,10.5085106939,-85.3664949071,49.16,2014-01-24T18:20:35Z,4
360,1,10.5084718019,-85.366480574,50.13,2014-01-24T18:21:35Z,5
361,1,10.5084848776,-85.3664705995,48.68,2014-01-24T18:22:35Z,1
362,1,10.5084718857,-85.3664623853,50.13,2014-01-24T18:23:35Z,2
363,1,10.5084950197,-85.3664819151,50.61,2014-01-24T18:24:35Z,3
364,1,10.5084500927,-85.3664825018,49.65,2014-01-24T18:25:35Z,4
365,1,10.5084617436,-85.3664585296,50.61,2014-01-24T18:26:35Z,5
366,1,10.5084904935,-85.3665127605,51.09,2014-01-24T18:27:35Z,1
367,1,10.5084462371,-85.3664557636,50.61,2014-01-24T18:28:35Z,2
368,1,10.5084637553,-85.3664461244,50.61,2014-01-24T18:29:35Z,3
369,1,10.5084544513,-85.3665104974,50.61,2014-01-24T18:30:35Z,4
370,1,10.5084694549,-85.3665068932,50.13,2014-01-24T18:31:35Z,5
371,1,10.5084521882,-85.3664850164,49.65,2014-01-24T18:32:35Z,1
372,1,10.5084938463,-85.3664859384,49.65,2014-01-24T18:33:35Z,2
373,1,10.5085274577,-85.3665172029,50.13,2014-01-24T18:34:35Z,3
374,1,10.5084728915,-85.3665406723,49.65,2014-01-24T18:35:35Z,4
375,1,10.5084589776,-85.3664836753,49.16,2014-01-24T18:36:35Z,5
376,1,10.508472221,-85.366514856,49.65,2014-01-24T18:37:35Z,1
377,1,10.5085261166,-85.3664959967,49.16,2014-01-24T18:38:35Z,2
378,1,10.5084889848,-85.366508821,49.16,2014-01-24T18:39:35Z,3
379,1,10.5084869731,-85.366493063,48.2,2014-01-24T18:40:35Z,4
380,1,10.5084988754,-85.3665029537,48.68,2014-01-24T18:41:35Z,5
381,1,10.5084996298,-85.3664949909,48.68,2014-01-24T18:42:35Z,1
382,1,10.508545395,-85.3665108327,48.68,2014-01-24T18:43:35Z,2
383,1,10.508541204,-85.3665116709,49.16,2014-01-24T18:44:35Z,3
384,1,10.5085174832,-85.3664964996,48.2,2014-01-24T18:45:35Z,4
385,1,10.50851807,-85.3664395027,48.68,2014-01-24T18:46:35Z,5
386,1,10.5084993783,-85.3664185479,47.72,2014-01-24T18:47:35Z,1
387,1,10.5085205846,-85.3664281871,48.2,2014-01-24T18:48:35Z,2
388,1,10.5085170642,-85.3664627206,48.68,2014-01-24T18:49:35Z,3
389,1,10.5085150525,-85.3664563503,49.16,2014-01-24T18:50:35Z,4
390,1,10.5084935948,-85.3664529976,48.2,2014-01-24T18:51:35Z,5
391,1,10.5085230991,-85.3664016165,48.68,2014-01-24T18:52:35Z,1
392,1,10.5085344147,-85.3663959168,48.2,2014-01-24T18:53:35Z,2
393,1,10.5084906612,-85.366418045,48.68,2014-01-24T18:54:35Z,3
394,1,10.5084982049,-85.3663821705,48.2,2014-01-24T18:55:35Z,4
395,1,10.508472221,-85.3664237447,48.68,2014-01-24T18:56:35Z,5
396,1,10.5084783398,-85.3664243314,47.72,2014-01-24T18:57:35Z,1
397,1,10.5085293856,-85.3664299473,48.68,2014-01-24T18:58:35Z,2
398,1,10.5085081793,-85.3663935699,49.16,2014-01-24T18:59:35Z,3
399,1,10.5085332412,-85.3664530814,49.65,2014-01-24T19:00:35Z,4
400,1,10.5085255299,-85.3664590325,47.24,2014-01-24T19:01:35Z,5
401,1,10.5085401144,-85.3663970903,48.2,2014-01-24T19:02:35Z,1
402,1,10.5085665174,-85.3663970903,48.2,2014-01-24T19:03:35Z,2
403,1,10.5085364264,-85.3664225712,48.2,2014-01-24T19:04:35Z,3
404,1,10.5085769109,-85.3664011136,48.2,2014-01-24T19:05:35Z,4
405,1,10.5085003842,-85.3664794844,47.72,2014-01-24T19:06:35Z,5
406,1,10.5085039884,-85.3664929792,47.24,2014-01-24T19:07:35Z,1
407,1,10.5085178185,-85.3665072285,47.24,2014-01-24T19:08:35Z,2
408,1,10.5085515976,-85.3665806539,46.76,2014-01-24T19:09:35Z,3
409,1,10.5085464008,-85.3665705118,46.76,2014-01-24T19:10:35Z,4
410,1,10.5085451435,-85.3665849287,46.76,2014-01-24T19:11:35Z,5
411,1,10.5086023081,-85.3666001838,46.76,2014-01-24T19:12:35Z,1
412,1,10.5085826106,-85.3666389082,45.8,2014-01-24T19:13:35Z,2
413,1,10.508515304,-85.3666995093,47.24,2014-01-24T19:14:35Z,3
414,1,10.508592166,-85.3668146767,47.24,2014-01-24T19:15:35Z,4
415,1,10.5086825229,-85.3668562509,47.72,2014-01-24T19:16:35Z,5
416,1,10.5088181421,-85.3668864258,47.24,2014-01-24T19:17:35Z,1
417,1,10.5088496581,-85.3668637946,47.24,2014-01-24T19:18:35Z,2
418,1,10.5088532623,-85.3670441732,47.24,2014-01-24T19:19:35Z,3
419,1,10.5088559445,-85.3671381343,46.76,2014-01-24T19:20:35Z,4
420,1,10.5088532623,-85.3671000805,46.76,2014-01-24T19:21:35Z,5
421,1,10.5088665895,-85.3671175148,45.8,2014-01-24T19:22:35Z,1
422,1,10.5089129414,-85.3671951313,44.84,2014-01-24T19:23:35Z,2
423,1,10.5089867022,-85.3672112245,43.4,2014-01-24T19:24:35Z,3
424,1,10.5089994427,-85.3672122303,42.92,2014-01-24T19:25:35Z,4
425,1,10.5090177152,-85.3671597596,42.44,2014-01-24T19:26:35Z,5
426,1,10.5089958385,-85.3672770225,43.4,2014-01-24T19:27:35Z,1
427,1,10.5089979339,-85.3672449198,43.4,2014-01-24T19:28:35Z,2
428,1,10.5089970119,-85.3672641981,43.4,2014-01-24T19:29:35Z,3
429,1,10.5089473911,-85.3672416508,42.92,2014-01-24T19:30:35Z,4
430,1,10.5089671724,-85.3672785312,43.4,2014-01-24T19:31:35Z,5
431,1,10.5089755543,-85.3672792017,43.4,2014-01-24T19:32:35Z,1
432,1,10.508978907,-85.3673014976,43.88,2014-01-24T19:33:35Z,2
433,1,10.5089944974,-85.3672987316,43.4,2014-01-24T19:34:35Z,3
434,1,10.5089871213,-85.3672489431,43.4,2014-01-24T19:35:35Z,4
435,1,10.5090240017,-85.367252212,44.36,2014-01-24T19:36:35Z,5
436,1,10.5090436153,-85.3672379628,44.36,2014-01-24T19:37:35Z,1
437,1,10.5091555975,-85.3671663813,44.84,2014-01-24T19:38:35Z,2
438,1,10.5091652367,-85.3671690635,45.32,2014-01-24T19:39:35Z,3
439,1,10.5092127621,-85.3671037685,45.32,2014-01-24T19:40:35Z,4
440,1,10.5091821682,-85.3671014216,44.84,2014-01-24T19:41:35Z,5
441,1,10.5091748759,-85.3671315126,44.84,2014-01-24T19:42:35Z,1
442,1,10.5092219822,-85.3671156708,44.36,2014-01-24T19:43:35Z,2
443,1,10.5093066394,-85.3670671396,46.28,2014-01-24T19:44:35Z,3
444,1,10.509396242,-85.3669425007,45.32,2014-01-24T19:45:35Z,4
445,1,10.5093807355,-85.3669003397,46.28,2014-01-24T19:46:35Z,5
446,1,10.509392973,-85.3669639584,45.8,2014-01-24T19:47:35Z,1
447,1,10.509367073,-85.3669115715,46.28,2014-01-24T19:48:35Z,2
448,1,10.509428177,-85.3668991663,45.8,2014-01-24T19:49:35Z,3
449,1,10.5093732756,-85.3668149281,45.8,2014-01-24T19:50:35Z,4
450,1,10.50942122,-85.3668352123,45.32,2014-01-24T19:51:35Z,5
451,1,10.5094271712,-85.3669109847,45.8,2014-01-24T19:52:35Z,1
452,1,10.5093507282,-85.366928922,44.36,2014-01-24T19:53:35Z,2
453,1,10.509535633,-85.3669126611,45.8,2014-01-24T19:54:35Z,3
454,1,10.5095562525,-85.3669246472,45.8,2014-01-24T19:55:35Z,4
455,1,10.5096580926,-85.366878463,44.84,2014-01-24T19:56:35Z,5
456,1,10.5096783768,-85.3669418301,44.36,2014-01-24T19:57:35Z,1
457,1,10.5097606033,-85.3669083863,44.36,2014-01-24T19:58:35Z,2
458,1,10.5097388942,-85.3669442609,44.84,2014-01-24T19:59:35Z,3
459,1,10.5097607709,-85.3669046983,44.84,2014-01-24T20:00:35Z,4
460,1,10.5098276585,-85.3669120744,44.36,2014-01-24T20:01:35Z,5
461,1,10.5098098889,-85.3669462726,44.36,2014-01-24T20:02:35Z,1
462,1,10.5098303407,-85.3668202925,42.92,2014-01-24T20:03:35Z,2
463,1,10.5098101404,-85.3668607771,42.44,2014-01-24T20:04:35Z,3
464,1,10.5099005811,-85.3669291735,42.44,2014-01-24T20:05:35Z,4
465,1,10.5098064523,-85.3669220489,40.51,2014-01-24T20:06:35Z,5
466,1,10.5098046921,-85.3667984996,41.95,2014-01-24T20:07:35Z,1
467,1,10.5098458473,-85.366913164,41.95,2014-01-24T20:08:35Z,2
468,1,10.5101632699,-85.3670301754,41.95,2014-01-24T20:09:35Z,3
469,1,10.5106223468,-85.3673118073,46.28,2014-01-24T20:10:35Z,4
470,1,10.5106416252,-85.366967814,44.36,2014-01-24T20:11:35Z,5
471,1,10.5102035031,-85.3667916264,44.36,2014-01-24T20:12:35Z,1
472,1,10.5101755075,-85.3668240644,43.88,2014-01-24T20:13:35Z,2
473,1,10.5102273915,-85.3668824024,44.36,2014-01-24T20:14:35Z,3
474,1,10.510225296,-85.3668948915,44.36,2014-01-24T20:15:35Z,4
475,1,10.5102943629,-85.3668711707,46.28,2014-01-24T20:16:35Z,5
476,1,10.5102991406,-85.3668457735,46.28,2014-01-24T20:17:35Z,1
477,1,10.5103325006,-85.3668502998,45.8,2014-01-24T20:18:35Z,2
478,1,10.5104064289,-85.3668841626,47.72,2014-01-24T20:19:35Z,3
479,1,10.5104426388,-85.3668439295,47.72,2014-01-24T20:20:35Z,4
480,1,10.5104991328,-85.3668928798,48.2,2014-01-24T20:21:35Z,5
481,1,10.5106138811,-85.3670145012,48.68,2014-01-24T20:22:35Z,1
482,1,10.5107010528,-85.3670476936,49.16,2014-01-24T20:23:35Z,2
483,1,10.5107530206,-85.3669886012,48.68,2014-01-24T20:24:35Z,3
484,1,10.5107339099,-85.3670625295,47.24,2014-01-24T20:25:35Z,4
485,1,10.5107189901,-85.3669958096,47.24,2014-01-24T20:26:35Z,5
486,1,10.5107145477,-85.3669807222,46.76,2014-01-24T20:27:35Z,1
487,1,10.5106179044,-85.3669466078,47.24,2014-01-24T20:28:35Z,2
488,1,10.5106400326,-85.3669615276,47.72,2014-01-24T20:29:35Z,3
489,1,10.5106803495,-85.3669869248,49.16,2014-01-24T20:30:35Z,4
490,1,10.5108183995,-85.3670469392,47.72,2014-01-24T20:31:35Z,5
491,1,10.5108235124,-85.367047023,48.68,2014-01-24T20:32:35Z,1
492,1,10.5108174775,-85.3670490347,49.16,2014-01-24T20:33:35Z,2
493,1,10.5109805893,-85.3670965601,49.16,2014-01-24T20:34:35Z,3
494,1,10.510947397,-85.3670602664,47.24,2014-01-24T20:35:35Z,4
495,1,10.5110467225,-85.3670582548,47.72,2014-01-24T20:36:35Z,5
496,1,10.5107096862,-85.3671737574,47.24,2014-01-24T20:37:35Z,1
497,1,10.5112422723,-85.3672420699,46.76,2014-01-24T20:38:35Z,2
498,1,10.5113628041,-85.3671536408,48.2,2014-01-24T20:39:35Z,3
499,1,10.5113856867,-85.3670475259,47.24,2014-01-24T20:40:35Z,4
500,1,10.5113801546,-85.367155401,48.2,2014-01-24T20:41:35Z,5
501,1,10.51158702,-85.367113743,47.72,2014-01-24T20:42:35Z,1
502,1,10.5116886087,-85.3670889325,47.72,2014-01-24T20:43:35Z,2
503,1,10.5117398221,-85.3670725878,46.76,2014-01-24T20:44:35Z,3
504,1,10.5117170233,-85.3671063669,48.2,2014-01-24T20:45:35Z,4
505,1,10.5117508024,-85.3671362065,48.2,2014-01-24T20:46:35Z,5
506,1,10.5117197055,-85.3670808859,48.68,2014-01-24T20:47:35Z,1
507,1,10.5117651355,-85.3671253938,52.53,2014-01-24T20:48:35Z,2
508,1,10.5118340347,-85.3671437502,55.41,2014-01-24T20:49:35Z,3
509,1,10.5119086336,-85.367269814,54.45,2014-01-24T20:50:35Z,4
510,1,10.5118383933,-85.3672138229,53.01,2014-01-24T20:51:35Z,5
511,1,10.5118747707,-85.367180882,53.49,2014-01-24T20:52:35Z,1
512,1,10.5119984876,-85.3672191873,51.57,2014-01-24T20:53:35Z,2
513,1,10.5119947996,-85.3671631962,48.68,2014-01-24T20:54:35Z,3
514,1,10.5120455939,-85.3671914432,52.53,2014-01-24T20:55:35Z,4
515,1,10.5122288223,-85.3671385534,56.37,2014-01-24T20:56:35Z,5
516,1,10.5121809617,-85.367062781,55.89,2014-01-24T20:57:35Z,1
517,1,10.5122404732,-85.3670953028,53.49,2014-01-24T20:58:35Z,2
518,1,10.5122065265,-85.3671813011,53.97,2014-01-24T20:59:35Z,3
519,1,10.5122048501,-85.3671742603,54.45,2014-01-24T21:00:35Z,4
520,1,10.5122186802,-85.3670642897,53.49,2014-01-24T21:01:35Z,5
521,1,10.5121299997,-85.3670037724,51.57,2014-01-24T21:02:35Z,1
522,1,10.5121305864,-85.3670173511,51.09,2014-01-24T21:03:35Z,2
523,1,10.5120276567,-85.3670343664,46.28,2014-01-24T21:04:35Z,3
524,1,10.5119929556,-85.3670120705,45.32,2014-01-24T21:05:35Z,4
525,1,10.5121583305,-85.3669520561,48.2,2014-01-24T21:06:35Z,5
526,1,10.5121291615,-85.3669507988,48.68,2014-01-24T21:07:35Z,1
527,1,10.5120899342,-85.3669855837,49.65,2014-01-24T21:08:35Z,2
528,1,10.5121792853,-85.367047023,51.09,2014-01-24T21:09:35Z,3
529,1,10.5122364499,-85.3670772817,52.53,2014-01-24T21:10:35Z,4
530,1,10.5122662894,-85.3671144135,52.05,2014-01-24T21:11:35Z,5
531,1,10.5122698098,-85.3670712467,52.53,2014-01-24T21:12:35Z,1
532,1,10.5123064388,-85.3670533095,51.09,2014-01-24T21:13:35Z,2
533,1,10.512286406,-85.3670865018,50.61,2014-01-24T21:14:35Z,3
534,1,10.5122832209,-85.3670637868,50.61,2014-01-24T21:15:35Z,4
535,1,10.5123764277,-85.3669070452,52.05,2014-01-24T21:16:35Z,5
536,1,10.5124614201,-85.3668787982,53.01,2014-01-24T21:17:35Z,1
537,1,10.5124974623,-85.3669162653,53.49,2014-01-24T21:18:35Z,2
538,1,10.5124863982,-85.3668573406,52.05,2014-01-24T21:19:35Z,3
539,1,10.512551358,-85.3668375593,53.49,2014-01-24T21:20:35Z,4
540,1,10.5124910083,-85.3668853361,53.49,2014-01-24T21:21:35Z,5
541,1,10.512432754,-85.3668642137,53.01,2014-01-24T21:22:35Z,1
542,1,10.5124515295,-85.3669466916,53.49,2014-01-24T21:23:35Z,2
543,1,10.512752356,-85.3667681571,54.93,2014-01-24T21:24:35Z,3
544,1,10.5126367696,-85.3668464441,54.45,2014-01-24T21:25:35Z,4
545,1,10.5127816088,-85.3667383175,53.97,2014-01-24T21:26:35Z,5
546,1,10.5128630809,-85.3666305263,53.01,2014-01-24T21:27:35Z,1
547,1,10.512915384,-85.3666731063,53.49,2014-01-24T21:28:35Z,2
548,1,10.5129365902,-85.3665935621,53.97,2014-01-24T21:29:35Z,3
549,1,10.5129470676,-85.3665395826,53.97,2014-01-24T21:30:35Z,4
550,1,10.5129866302,-85.3664910514,54.45,2014-01-24T21:31:35Z,5
551,1,10.513006663,-85.3664821666,54.93,2014-01-24T21:32:35Z,1
552,1,10.5129286274,-85.3664729465,54.93,2014-01-24T21:33:35Z,2
553,1,10.5129291303,-85.3664617147,55.89,2014-01-24T21:34:35Z,3
554,1,10.5129596405,-85.3664980922,55.41,2014-01-24T21:35:35Z,4
555,1,10.5129882228,-85.3664518241,53.97,2014-01-24T21:36:35Z,5
556,1,10.5128647573,-85.3663488105,51.57,2014-01-24T21:37:35Z,1
557,1,10.5127278809,-85.3662456293,49.16,2014-01-24T21:38:35Z,2
558,1,10.5126714706,-85.3661458846,49.65,2014-01-24T21:39:35Z,3
559,1,10.5127919186,-85.3661293723,52.05,2014-01-24T21:40:35Z,4
560,1,10.5132069904,-85.3657363448,54.93,2014-01-24T21:41:35Z,5
561,1,10.5133807473,-85.3657063376,55.89,2014-01-24T21:42:35Z,1
562,1,10.5132531747,-85.365707092,55.89,2014-01-24T21:43:35Z,2
563,1,10.5132454634,-85.3657369316,55.89,2014-01-24T21:44:35Z,3
564,1,10.513227107,-85.3657557908,55.41,2014-01-24T21:45:35Z,4
565,1,10.5132235866,-85.3657280467,56.37,2014-01-24T21:46:35Z,5
566,1,10.5131341517,-85.3658920806,55.89,2014-01-24T21:47:35Z,1
567,1,10.5131491553,-85.3658704553,53.97,2014-01-24T21:48:35Z,2
568,1,10.5131054018,-85.3658997081,54.93,2014-01-24T21:49:35Z,3
569,1,10.5131223332,-85.3658769093,54.45,2014-01-24T21:50:35Z,4
570,1,10.5131407734,-85.3658702876,54.45,2014-01-24T21:51:35Z,5
571,1,10.5131158791,-85.365895601,53.01,2014-01-24T21:52:35Z,1
572,1,10.5131221656,-85.365895601,52.05,2014-01-24T21:53:35Z,2
573,1,10.5131296255,-85.3659073357,52.53,2014-01-24T21:54:35Z,3
574,1,10.5131232552,-85.365906246,52.53,2014-01-24T21:55:35Z,4
575,1,10.5131380074,-85.3658968583,52.05,2014-01-24T21:56:35Z,5
576,1,10.5131877959,-85.3658003826,52.05,2014-01-24T21:57:35Z,1
577,1,10.513217384,-85.3656401206,52.53,2014-01-24T21:58:35Z,2
578,1,10.5132366624,-85.3657391947,52.53,2014-01-24T21:59:35Z,3
579,1,10.5131523404,-85.3657846246,51.57,2014-01-24T22:00:35Z,4
580,1,10.5131742172,-85.3657689504,52.05,2014-01-24T22:01:35Z,5
581,1,10.5131756421,-85.3657488339,52.53,2014-01-24T22:02:35Z,1
582,1,10.5131411925,-85.3657716326,53.01,2014-01-24T22:03:35Z,2
583,1,10.5131386779,-85.3658355027,52.05,2014-01-24T22:04:35Z,3
584,1,10.5131825991,-85.365811782,52.53,2014-01-24T22:05:35Z,4
585,1,10.5132302921,-85.3657629993,52.53,2014-01-24T22:06:35Z,5
586,1,10.5132575333,-85.3656239435,53.01,2014-01-24T22:07:35Z,1
587,1,10.5132433679,-85.3654618375,52.53,2014-01-24T22:08:35Z,2
588,1,10.5133029632,-85.3652853146,51.57,2014-01-24T22:09:35Z,3
589,1,10.5134840123,-85.3651729971,51.09,2014-01-24T22:10:35Z,4
590,1,10.51345082,-85.3651018348,49.65,2014-01-24T22:11:35Z,5
591,1,10.513537908,-85.3649892658,48.2,2014-01-24T22:12:35Z,1
592,1,10.5133209843,-85.3650596738,48.68,2014-01-24T22:13:35Z,2
593,1,10.5132226646,-85.3649614379,46.76,2014-01-24T22:14:35Z,3
594,1,10.5132696871,-85.364961857,48.68,2014-01-24T22:15:35Z,4
595,1,10.5133083276,-85.3649440035,48.68,2014-01-24T22:16:35Z,5
596,1,10.5133240856,-85.3648470249,46.76,2014-01-24T22:17:35Z,1
597,1,10.5132981017,-85.3648759425,49.16,2014-01-24T22:18:35Z,2
598,1,10.5132766441,-85.3649335261,48.2,2014-01-24T22:19:35Z,3
599,1,10.5134213157,-85.3649128228,48.2,2014-01-24T22:20:35Z,4
600,1,10.513595324,-85.3648380563,49.16,2014-01-24T22:21:35Z,5
601,1,10.5135653168,-85.36488357,49.65,2014-01-24T22:22:35Z,1
602,1,10.5136548355,-85.3647282533,49.16,2014-01-24T22:23:35Z,2
603,1,10.5138506368,-85.364594562,48.2,2014-01-24T22:24:35Z,3
604,1,10.5140050314,-85.3646674845,50.13,2014-01-24T22:25:35Z,4
605,1,10.5139733478,-85.364656169,51.09,2014-01-24T22:26:35Z,5
606,1,10.513939485,-85.3647746891,50.61,2014-01-24T22:27:35Z,1
607,1,10.5139805563,-85.3645113297,50.13,2014-01-24T22:28:35Z,2
608,1,10.5140485335,-85.3645235673,51.09,2014-01-24T22:29:35Z,3
609,1,10.5141403992,-85.3646152653,53.97,2014-01-24T22:30:35Z,4
610,1,10.5143218674,-85.3646007646,53.49,2014-01-24T22:31:35Z,5
611,1,10.5141986534,-85.3645321168,49.16,2014-01-24T22:32:35Z,1
612,1,10.5141124036,-85.3643777221,48.68,2014-01-24T22:33:35Z,2
613,1,10.5140668899,-85.3644059692,49.16,2014-01-24T22:34:35Z,3
614,1,10.514047863,-85.3644193802,49.16,2014-01-24T22:35:35Z,4
615,1,10.5140707456,-85.3643614613,49.65,2014-01-24T22:36:35Z,5
616,1,10.514127491,-85.3643488884,50.13,2014-01-24T22:37:35Z,1
617,1,10.5140544847,-85.3644186258,49.16,2014-01-24T22:38:35Z,2
618,1,10.5140634533,-85.364418542,50.13,2014-01-24T22:39:35Z,3
619,1,10.5140518863,-85.3643703461,50.13,2014-01-24T22:40:35Z,4
620,1,10.5140865874,-85.3644349705,49.65,2014-01-24T22:41:35Z,5
621,1,10.5141630303,-85.3644516505,51.09,2014-01-24T22:42:35Z,1
622,1,10.5142087955,-85.3645218909,52.53,2014-01-24T22:43:35Z,2
623,1,10.5143224541,-85.3645518981,54.45,2014-01-24T22:44:35Z,3
624,1,10.5143781938,-85.3645319492,55.41,2014-01-24T22:45:35Z,4
625,1,10.5144358613,-85.3646100685,54.93,2014-01-24T22:46:35Z,5
626,1,10.5143968016,-85.3645135928,54.93,2014-01-24T22:47:35Z,1
627,1,10.5144232046,-85.3644904587,55.41,2014-01-24T22:48:35Z,2
628,1,10.514447093,-85.3644690011,55.41,2014-01-24T22:49:35Z,3
629,1,10.5146817863,-85.3644717671,58.3,2014-01-24T22:50:35Z,4
630,1,10.5148001388,-85.36451024,60.22,2014-01-24T22:51:35Z,5
631,1,10.5147999711,-85.3646423388,63.1,2014-01-24T22:52:35Z,1
632,1,10.5147920083,-85.3646628745,63.1,2014-01-24T22:53:35Z,2
633,1,10.514768539,-85.3646087274,62.14,2014-01-24T22:54:35Z,3
634,1,10.5147586484,-85.3645348828,62.62,2014-01-24T22:55:35Z,4
635,1,10.5147671141,-85.3645561729,63.58,2014-01-24T22:56:35Z,5
636,1,10.5147863925,-85.3644341324,65.51,2014-01-24T22:57:35Z,1
637,1,10.5148001388,-85.3645370621,65.99,2014-01-24T22:58:35Z,2
638,1,10.5148456525,-85.364488028,65.99,2014-01-24T22:59:35Z,3
639,1,10.5150027294,-85.3641046397,64.55,2014-01-24T23:00:35Z,4
640,1,10.5148709659,-85.3640394285,64.07,2014-01-24T23:01:35Z,5
641,1,10.5148474965,-85.3639875446,64.55,2014-01-24T23:02:35Z,1
642,1,10.5148174893,-85.3640109301,65.03,2014-01-24T23:03:35Z,2
643,1,10.5148540344,-85.3638880514,65.51,2014-01-24T23:04:35Z,3
644,1,10.5148327444,-85.36398503,65.99,2014-01-24T23:05:35Z,4
645,1,10.5148258712,-85.3641012032,64.55,2014-01-24T23:06:35Z,5
646,1,10.5147426389,-85.364089217,65.03,2014-01-24T23:07:35Z,1
647,1,10.5147522781,-85.3640547674,65.03,2014-01-24T23:08:35Z,2
648,1,10.5147417169,-85.3640325554,65.51,2014-01-24T23:09:35Z,3
649,1,10.5147331674,-85.363925267,65.99,2014-01-24T23:10:35Z,4
650,1,10.5147580616,-85.3640183061,65.03,2014-01-24T23:11:35Z,5
651,1,10.5148200877,-85.3638959303,65.51,2014-01-24T23:12:34Z,1
652,1,10.5147464108,-85.3639517538,65.99,2014-01-24T23:13:35Z,2
653,1,10.5147677008,-85.3639986087,66.95,2014-01-24T23:14:35Z,3
654,1,10.5147506855,-85.3641464654,65.99,2014-01-24T23:15:35Z,4
655,1,10.5147563014,-85.3639844432,66.95,2014-01-24T23:16:35Z,5
656,1,10.5148163158,-85.3639779892,68.39,2014-01-24T23:17:35Z,1
657,1,10.5148812756,-85.3639708646,69.83,2014-01-24T23:18:35Z,2
658,1,10.5150374305,-85.3638769872,69.83,2014-01-24T23:19:35Z,3
659,1,10.5150403641,-85.3638427053,70.31,2014-01-24T23:20:35Z,4
660,1,10.5149833672,-85.3635894042,68.87,2014-01-24T23:21:35Z,5
661,1,10.5150862969,-85.3634442296,71.27,2014-01-24T23:22:35Z,1
662,1,10.515074227,-85.363587644,70.31,2014-01-24T23:23:35Z,2
663,1,10.5150709581,-85.3634764161,72.24,2014-01-24T23:24:35Z,3
664,1,10.5152168032,-85.3634818643,73.68,2014-01-24T23:25:35Z,4
665,1,10.5152601376,-85.3633097839,74.16,2014-01-24T23:26:35Z,5
666,1,10.5154274404,-85.3634911682,74.64,2014-01-24T23:27:35Z,1
667,1,10.5154833477,-85.363495443,75.12,2014-01-24T23:28:35Z,2
668,1,10.5154228304,-85.3635003883,74.64,2014-01-24T23:29:35Z,3
669,1,10.5153787415,-85.3634401225,75.6,2014-01-24T23:30:35Z,4
670,1,10.5153231695,-85.3633885738,76.56,2014-01-24T23:31:35Z,5
671,1,10.5153691862,-85.3634251188,77.04,2014-01-24T23:32:35Z,1
672,1,10.5153044779,-85.3634673636,77.04,2014-01-24T23:33:35Z,2
673,1,10.5153400172,-85.3634670284,77.04,2014-01-24T23:34:35Z,3
674,1,10.5153699405,-85.3635518532,77.52,2014-01-24T23:35:35Z,4
675,1,10.5154219922,-85.3635238577,78,2014-01-24T23:36:35Z,5
676,1,10.5153800827,-85.3635928407,78,2014-01-24T23:37:35Z,1
677,1,10.5154310446,-85.3636078443,77.52,2014-01-24T23:38:35Z,2
678,1,10.5153660011,-85.3635426331,78,2014-01-24T23:39:35Z,3
679,1,10.5153228343,-85.3635588102,77.52,2014-01-24T23:40:35Z,4
680,1,10.5153107643,-85.3635982051,77.52,2014-01-24T23:41:35Z,5
681,1,10.5152922403,-85.363434758,77.52,2014-01-24T23:42:35Z,1
682,1,10.5152868759,-85.3634395357,78,2014-01-24T23:43:35Z,2
683,1,10.5152718723,-85.3633159865,78,2014-01-24T23:44:35Z,3
684,1,10.5152868759,-85.3634459898,78,2014-01-24T23:45:35Z,4
685,1,10.5152976885,-85.363503322,78,2014-01-24T23:46:35Z,5
686,1,10.5153639894,-85.3633749112,78,2014-01-24T23:47:35Z,1
687,1,10.51542392,-85.3634108696,77.04,2014-01-24T23:48:35Z,2
688,1,10.5153096747,-85.3634290583,75.12,2014-01-24T23:49:35Z,3
689,1,10.5152916536,-85.363522768,75.12,2014-01-24T23:50:35Z,4
690,1,10.515253013,-85.3635775857,74.16,2014-01-24T23:51:35Z,5
691,1,10.5152583774,-85.3635742329,74.64,2014-01-24T23:52:35Z,1
692,1,10.5152624846,-85.3635543678,74.16,2014-01-24T23:53:35Z,2
693,1,10.5152503308,-85.3633998055,75.12,2014-01-24T23:54:35Z,3
694,1,10.5153005384,-85.363398632,75.12,2014-01-24T23:55:35Z,4
695,1,10.5152761471,-85.3634865582,74.16,2014-01-24T23:56:35Z,5
696,1,10.5152894743,-85.3634810261,73.68,2014-01-24T23:57:35Z,1
697,1,10.5150406994,-85.363608012,69.35,2014-01-24T23:58:35Z,2
698,1,10.515007088,-85.3636826109,70.31,2014-01-24T23:59:35Z,3
699,1,10.5148947705,-85.3638380114,68.87,2014-01-25T00:00:35Z,4
700,1,10.5146516114,-85.3640222456,67.43,2014-01-25T00:01:35Z,5
701,1,10.5143646989,-85.3639992792,63.58,2014-01-25T00:02:35Z,1
702,1,10.5142653733,-85.3642353136,68.39,2014-01-25T00:03:35Z,2
703,1,10.5146461632,-85.3643149417,71.76,2014-01-25T00:04:35Z,3
704,1,10.5148656014,-85.3644498065,73.68,2014-01-25T00:05:35Z,4
705,1,10.5148555432,-85.3643822484,73.2,2014-01-25T00:06:35Z,5
,,,,,,1
,,,,,,2
,,,,,,3
,,,,,,4
,,,,,,5
,,,,,,1
,,,,,,2
,,,,,,3
,,,,,,4
,,,,,,5
,,,,,,1
,,,,,,2
,,,,,,3
,,,,,,4
,,,,,,5
